{"cameraMode":{"drawMode":0,"name":"Shaded","section":"Shading Mode"},"sceneLighting":true,"audioPlay":false,"sceneViewState":{"showFog":true,"showMaterialUpdate":false,"showSkybox":true,"showFlares":true,"showImageEffects":true,"showParticleSystems":true},"in2DMode":false,"pivot":{"x":383.9517822265625,"y":250.94671630859376,"z":-4.260894775390625},"rotation":{"x":0.046481892466545108,"y":0.007491805125027895,"z":-0.00034866741043515503,"w":0.9988905787467957},"size":119.46515655517578,"orthographic":false}